{"cameraMode":{"drawMode":0,"name":"Shaded","section":"Shading Mode"},"sceneLighting":true,"audioPlay":false,"sceneViewState":{"m_AlwaysRefresh":false,"showFog":true,"showSkybox":true,"showFlares":true,"showImageEffects":true,"showParticleSystems":true,"showVisualEffectGraphs":true,"m_FxEnabled":true},"in2DMode":false,"pivot":{"x":1.0138617753982545,"y":1.8847993612289429,"z":-1.1156706809997559},"rotation":{"x":0.10745950788259506,"y":-0.834631085395813,"z":0.17554935812950135,"w":0.5109034776687622},"size":1.5532708168029786,"orthographic":false}