{"cameraMode":{"drawMode":0,"name":"Shaded","section":"Shading Mode"},"sceneLighting":true,"audioPlay":false,"sceneViewState":{"m_AlwaysRefresh":false,"showFog":true,"showSkybox":true,"showFlares":true,"showImageEffects":true,"showParticleSystems":true,"showVisualEffectGraphs":true,"m_FxEnabled":true},"in2DMode":false,"pivot":{"x":-8.574785232543946,"y":6.147048473358154,"z":2.0345652103424074},"rotation":{"x":0.045197416096925738,"y":-0.6803420186042786,"z":0.04210533946752548,"w":0.7302904725074768},"size":8.243669509887696,"orthographic":false}